sample_name	standardized_name
Adrenal_Gland_Ionizing_radiation_Nf1+/-__Exome_Adrenal_Gland_Pheochromocytoma	Mouse_Adrenal_gland_Ionizing_radiation
Blood_Ionizing_radiation___Exome_Hematopoietic_and_Lymphoid_Cell_Neoplasm	Mouse_Blood_Ionizing_radiation
Blood_Ionizing_radiation_Nf1+/-__Exome_Hematopoietic_and_Lymphoid_Cell_Neoplasm	Mouse_Blood_Ionizing_radiation
Esophagus_4-Nitroquinoline_N-oxide__Premalignant_Exome_Premalignant	Mouse_Esophagus_4-Nitroquinoline_N-oxide
Esophagus_4-Nitroquinoline_N-oxide_HPV16_Exome_Skin_Squamous_Cell_Carcinoma	Mouse_Esophagus_HPV_4-Nitroquinoline_N-oxide
Esophagus_4-Nitroquinoline_N-oxide_HPV16-Premalignant_Exome_Premalignant	Mouse_Esophagus_HPV_4-Nitroquinoline_N-oxide
Esophagus_4-Nitroquinoline_N-oxide_HPV38_Premalignant_Exome_Premalignant	Mouse_Esophagus_HPV_4-Nitroquinoline_N-oxide
Esophagus_4-Nitroquinoline_N-oxide_HPV49_Exome_Skin_Squamous_Cell_Carcinoma	Mouse_Esophagus_HPV_4-Nitroquinoline_N-oxide
Esophagus_4-Nitroquinoline_N-oxide_HPV49-Premalignant_Exome_Premalignant	Mouse_Esophagus_HPV_4-Nitroquinoline_N-oxide
Liver_High_fat_diet___Exome_Hepatocellular_Carcinoma	Mouse_Liver_High_fat_diet
Liver_No_Treatment___Exome_Dystal_node	Mouse_Liver_No_treatment
Liver_No_Treatment___Exome_Hepatocellular_Carcinoma	Mouse_Liver_No_treatment
Liver_Pyrrolizidine_Alkaloid__Exome_Hepatocellular_Carcinoma	Mouse_Liver_Pyrrolizidine_Alkaloid
Liver_Theaphenon_E___Exome_Hepatocellular_Carcinoma	Mouse_Liver_Theaphenon_E
Lung_No_Treatment___Exome_Lung_Non-Small_Cell_Carcinoma	Mouse_Lung_No_treatment
Lung_No_Treatment_KRAS(LA2)__Exome_Lung_Non-Small_Cell_Carcinoma	Mouse_Lung_No_treatment
Lung_No_Treatment_KRAS+/-__Exome_Lung_Non-Small_Cell_Carcinoma	Mouse_Lung_No_treatment
"Skin_9,10-dimethyl-1,2-benzanthracene__Exome_Skin_Squamous_Cell_Carcinoma"	"Mouse_Skin_9,10-dimethyl-1,2-benzanthracene"
Skin_Ionizing_radiation_Nf1+/-__Exome_Skin_Squamous_Cell_Carcinoma	Mouse_Skin_Ionizing_radiation
Skin_No_Treatment_BRAF_V637E__Exome_Melanoma	Mouse_Skin_No_treatment
Skin_No_Treatment_KRAS_G12D/p53-__Exome_Skin_Squamous_Cell_Carcinoma	Mouse_Skin_No_treatment
Skin_No_Treatment_NRAS_Q61R__Exome_Melanoma	Mouse_Skin_No_treatment
Skin_UVA_BRAF_V637E__Exome_Melanoma	Mouse_Skin_UVA
Skin_UVA_NRAS_Q61R__Exome_Melanoma	Mouse_Skin_UVA
Skin_UVB_BRAF-V637E_Exome_Melanoma	Mouse_Skin_UVB
Skin_UVB_NRAS-Q61R_Exome_Melanoma	Mouse_Skin_UVB
Soft_Tissue_Ionizing_radiation___Exome_Soft_Tissue_Sarcoma	Mouse_Soft_tissue_Ionizing_radiation
Soft_Tissue_Ionizing_radiation_Nf1+/-__Exome_Soft_Tissue_Sarcoma	Mouse_Soft_tissue_Ionizing_radiation
Tongue_4-Nitroquinoline_N-oxide__Exome_Skin_Squamous_Cell_Carcinoma	Mouse_Tongue_4-Nitroquinoline_N-oxide
Tongue_4-Nitroquinoline_N-oxide_Syngeneic_Exome_Skin_Squamous_Cell_Carcinoma	Mouse_Tongue_4-Nitroquinoline_N-oxide
Bone_Marrow_ATC_Exome	Mouse_Bone_Marrow_5-aza-4-thio-2-deoxycytidine
Bone_Marrow_No_Treatment_Exome	Mouse_Bone_Marrow_No_treatment
Lymph_Node_ATC_Exome	Mouse_Lymph_Node_5-aza-4-thio-2-deoxycytidine
Spleen_ATC_Exome	Mouse_Spleen_5-aza-4-thio-2-deoxycytidine
Thymus_ATC_Exome	Mouse_Thymus_5-aza-4-thio-2-deoxycytidine
Thymus_No_Treatment_Exome	Mouse_Thymus_No_treatment
Kidney_Vinylidene_chloride__Genome	Mouse_Kidney_Vinylidene_chloride
Liver_1.2.3_trichloropropane__Genome	"Mouse_Liver_1,2,3_trichloropropane"
Liver_Aflatoxin_B1__Genome	Mouse_Liver_Aflatoxin_B1
Liver_Aflatoxin_B1_HBV_Genome	Mouse_Liver_HBV_Aflatoxin_B1
Liver_Anthraquinone__Genome	Mouse_Liver_Anthraquinone
Liver_Antimony_trioxide__Genome	Mouse_Liver_Antimony_trioxide
Liver_Bromochloroacetic_acid__Genome	Mouse_Liver_Bromochloroacetic_acid
Liver_Cumene__Genome	Mouse_Liver_Cumene
Liver_Diethanolamine__Genome	Mouse_Liver_Diethanolamine
Liver_Furan__Genome	Mouse_Liver_Furan
Liver_Ginkgo_biloba_extract__Genome	Mouse_Liver_Ginkgo_biloba_extract
Liver_Indium_phosphide__Genome	Mouse_Liver_Indium_phosphide
Liver_Isobutyl_nitrite__Genome	Mouse_Liver_Isobutyl_nitrite
Liver_Nickel_oxide__Genome	Mouse_Liver_Nickel_oxide
Liver_Nickel_subsulfide__Genome	Mouse_Liver_Nickel_subsulfide
Liver_Nickel_sulfate_hexahydrate__Genome	Mouse_Liver_Nickel_sulfate_hexahydrate
Liver_No_Treatment__Genome	Mouse_Liver_No_treatment
Liver_Oxazepam__Genome	Mouse_Liver_Oxazepam
Liver_Pentabromodiphenyl_ether__Genome	Mouse_Liver_Pentabromodiphenyl_ether
Liver_Sodium_tungstate_dihydrate__Genome	Mouse_Liver_Sodium_tungstate_dihydrate
Liver_Vanadium_pentoxide__Genome	Mouse_Liver_Vanadium_pentoxide
Liver_Vinylidene_chloride__Genome	Mouse_Liver_Vinylidene_chloride
"Lung_9,10-dimethyl-1,2-benzanthracene__Genome"	"Mouse_Lung_9,10-dimethyl-1,2-benzanthracene"
Lung_Antimony_trioxide__Genome	Mouse_Lung_Antimony_trioxide
Lung_Isobutyl_nitrite__Genome	Mouse_Lung_Isobutyl_nitrite
Lung_Nickel_oxide__Genome	Mouse_Lung_Nickel_oxide
Lung_Nickel_subsulfide__Genome	Mouse_Lung_Nickel_subsulfide
Lung_Nickel_sulfate_hexahydrate__Genome	Mouse_Lung_Nickel_sulfate_hexahydrate
Lung_No_Treatment__Genome	Mouse_Lung_No_treatment
Lung_Sodium_tungstate_dihydrate__Genome	Mouse_Lung_Sodium_tungstate_dihydrate
Lung_Vanadium_pentoxide__Genome	Mouse_Lung_Vanadium_pentoxide
Lung_Vinylidene_chloride__Genome	Mouse_Lung_Vinylidene_chloride
"Lymph_Node_9,10-dimethyl-1,2-benzanthracene__Genome"	"Mouse_Lymph_Node_9,10-dimethyl-1,2-benzanthracene"
Mammary_carcinoma_Fe-ions_TP53deltaProline(Tp53deltaP)_Genome	Mouse_Breast_Fe-ions
Mammary_carcinoma_GammaRay_TP53+/-_Genome	Mouse_Breast_GammaRay
Mammary_carcinoma_GammaRay_TP53deltaProline(Tp53deltaP)_Genome	Mouse_Breast_GammaRay
Mammary_sarcoma_Fe-ions_TP53deltaProline(Tp53deltaP)_Genome	Mouse_Breast_Fe-ions
Mammary_sarcoma_GammaRay_TP53+/-_Genome	Mouse_Breast_GammaRay
Mammary_sarcoma_GammaRay_TP53deltaProline(Tp53deltaP)_Genome	Mouse_Breast_GammaRay
"Skin_9,10-dimethyl-1,2-benzanthracene__Genome"	"Mouse_Skin_9,10-dimethyl-1,2-benzanthracene"
Skin_Arsenic_simulated_solar_radiation__Genome	Mouse_Skin_Sodium_arsenite_simulated_solar_radiation
Skin_No_Treatment_KRAS_G12D/p53-_Genome	Mouse_Skin_No_treatment
Skin_Simulated_solar_radiation__Genome	Mouse_Skin_Simulated_solar_radiation
Stomach_1.2.3_trichloropropane__Genome	"Mouse_Stomach_1,2,3_trichloropropane"
Tongue_4-Nitroquinoline_N-oxide__Genome	Mouse_Tongue_4-Nitroquinoline_N-oxide
Thymus_ATC_Genome	Mouse_Thymus_5-aza-4-thio-2-deoxycytidine
MEF_Acrylamide_Exome	Mouse_MEF_Acrylamide
MEF_Aflatoxin_B1_Exome	Mouse_MEF_Aflatoxin_B1
MEF_AID__Exome	Mouse_MEF_Activation-induced_Cytidine_Deaminase
MEF_Aristolochic_acid_I__Exome	Mouse_MEF_Aristolochic_acid_I
MEF_Benzo[a]pyrene__Exome	Mouse_MEF_Benzo[a]pyrene
MEF_Glycidamide_Exome	Mouse_MEF_Glycidamide
MEF_No_Treatment_Exome	Mouse_MEF_No_treatment
MEF_UVC__Exome	Mouse_MEF_UVC
7298_ATC_Dck-/-_Exome	Mouse_7298_5-aza-4-thio-2-deoxycytidine
7298_ATC_wt_Exome	Mouse_7298_5-aza-4-thio-2-deoxycytidine
7298_No_Treatment_Dck-/-_Exome	Mouse_7298_No_treatment
7298_No_Treatment_wt_Exome	Mouse_7298_No_treatment
m_Intestinal_organoid_High_fat_diet__Genome	Mouse_m_Intestinal_organoids_High_fat_diet
m_Intestinal_organoid_Normal_fat_diet__Genome	Mouse_m_Intestinal_organoids_Normal_fat_diet
"MEF_2-hydroxyamino-1-methyl-6-phenylimidazo[4,5-b]pyridine__Genome"	"Mouse_MEF_2-hydroxyamino-1-methyl-6-phenylimidazo[4,5-b]pyridine"
MEF_3-Nitrobenzanthrone__Genome	Mouse_MEF_3-Nitrobenzanthrone
MEF_3-Nitrobenzanthrone_XPA-/-_Genome	Mouse_MEF_3-Nitrobenzanthrone
MEF_4-Aminobiphenyl__Genome	Mouse_MEF_4-aminobiphenyl
MEF_4-Nitroquinoline_N-oxide__Genome	Mouse_MEF_4-Nitroquinoline_N-oxide
MEF_Acrylamide__Genome	Mouse_MEF_Acrylamide
MEF_Aristolochic_acid_I__Genome	Mouse_MEF_Aristolochic_acid_I
MEF_Benzo[a]pyrene__Genome	Mouse_MEF_Benzo[a]pyrene
"MEF_Benzo[a]pyrene-7,8-diol-9,10-epoxide__Genome"	"Mouse_MEF_Benzo[a]pyrene-7,8-diol-9,10-epoxide"
"MEF_Benzo[a]pyrene-7,8-diol-9,10-epoxide_XPA-/-_Genome"	"Mouse_MEF_Benzo[a]pyrene-7,8-diol-9,10-epoxide"
MEF_DMSO__Genome	Mouse_MEF_No_treatment
MEF_DMSO_XPA-/-_Genome	Mouse_MEF_No_treatment
MEF_Glycidamide__Genome	Mouse_MEF_Glycidamide
MEF_N-Nitrosopyrrolidine__Genome	Mouse_MEF_N-Nitrosopyrrolidine
MEF_No_Treatment__Genome	Mouse_MEF_No_treatment
MEF_UVA__Genome	Mouse_MEF_UVA
MEF_UVC__Genome	Mouse_MEF_UVC
MEF_Water__Genome	Mouse_MEF_No_treatment
BEAS-2B_1-naphthylamine__Genome	Human_BEAS-2B_1-naphthylamine
BEAS-2B_3-aminobiphenyl__Genome	Human_BEAS-2B_3-aminobiphenyl
BEAS-2B_Benzo[a]pyrene__Genome	Human_BEAS-2B_Benzo[a]pyrene
BEAS-2B_DMSO__Genome	Human_BEAS-2B_No_treatment
BEAS-2B_Harmane__Genome	Human_BEAS-2B_Harmane
BEAS-2B_Norharmane__Genome	Human_BEAS-2B_Norharmane
Breast_organoids_GammaRay__Genome	Human_Breast_organoids_GammaRay
CEM_5-Aza-40-thio-20-deoxycytidine__Exome	Human_CEM_5-aza-4-thio-2-deoxycytidine
CEM_Decitabine__Exome	Human_CEM_Decitabine
CEM_No_Treatment__Exome	Human_CEM_No_treatment
Colon_organoids_GammaRay__Genome	Human_Colon_organoids_GammaRay
Colon_organoids_No_Treatment__Genome	Human_Colon_organoids_No_treatment
HAP1_CX-5461__Genome	Human_HAP1_CX-5461
HEK293T_Bisphenol_A__Genome	Human_HEK293T_Bisphenol_A
HEK293T_DMSO__Genome	Human_HEK293T_No_treatment
HepaRG_Aflatoxin_B1__Genome	Human_HepaRG_Aflatoxin_B1
HepaRG_Pyrrolizidine_Alkaloid__Genome	Human_HepaRG_Pyrrolizidine_Alkaloid
HepG2_Aflatoxin_B1__Genome	Human_HepG2_Aflatoxin_B1
HepG2_Cisplatin__Genome	Human_HepG2_Cisplatin
HepG2_Duocarmycin__Genome	Human_HepG2_Duocarmycin
HFF_4-Nitroquinoline_N-oxide__Genome	Human_HFF_4-Nitroquinoline_N-oxide
HFF_No_Treatment__Genome	Human_HFF_No_treatment
HFF_UVA__Genome	Human_HFF_UVA
HK2_Aristolochic_acid_I__Exome	Human_HK2_Aristolochic_acid_I
HMEC_Benzo[a]pyrene__Exome	Human_HMEC_Benzo[a]pyrene
HMEC_Benzo[a]pyrene__Genome	Human_HMEC_Benzo[a]pyrene
hTERT-RPE1_CX-5461__Genome	Human_hTERT-RPE1_CX-5461
hTERT-RPE1_CX-5461_TP53-/-; BRCA1-/-_Genome	Human_hTERT-RPE1_CX-5461
hTERT-RPE1_CX-5461_TP53-/-; BRCA2-/-_Genome	Human_hTERT-RPE1_CX-5461
hTERT-RPE1_Etoposide__Genome	Human_hTERT-RPE1_Etoposide
hTERT-RPE1_Etoposide_TP53-/-; BRCA1-/-_Genome	Human_hTERT-RPE1_Etoposide
hTERT-RPE1_Etoposide_TP53-/-; BRCA2-/-_Genome	Human_hTERT-RPE1_Etoposide
hTERT-RPE1_No_Treatment__Genome	Human_hTERT-RPE1_No_treatment
hTERT-RPE1_No_Treatment_TP53-/-; BRCA1-/-_Genome	Human_hTERT-RPE1_No_treatment
hTERT-RPE1_No_Treatment_TP53-/-; BRCA2-/-_Genome	Human_hTERT-RPE1_No_treatment
hTERT-RPE1_Pyridostatin__Genome	Human_hTERT-RPE1_Pyridostatin
hTERT-RPE1_Pyridostatin_TP53-/-; BRCA1-/-_Genome	Human_hTERT-RPE1_Pyridostatin
hTERT-RPE1_Pyridostatin_TP53-/-; BRCA2-/-_Genome	Human_hTERT-RPE1_Pyridostatin
Intestinal_organoids_5-Fluorouracil__Genome	Human_h_Intestinal_organoids_5-Fluorouracil
Intestinal_organoids_Colibactin__Genome	Human_h_Intestinal_organoids_Colibactin
Intestinal_organoids_Colibactin_knock_out__Genome	Human_h_Intestinal_organoids_Colibactin_knock_out
Intestinal_organoids_No_Treatment__Genome	Human_h_Intestinal_organoids_No_treatment
Intestinal_organoids_No_Treatments__Genome	Human_h_Intestinal_organoids_No_treatment
iPSC_1-Nitropyrene_S9_Genome	Human_iPSC_1-Nitropyrene
"iPSC_1,2-Dimethylhydrazine__Genome"	"Human_iPSC_1,2-Dimethylhydrazine"
"iPSC_1,2-Dimethylhydrazine_S9_Genome"	"Human_iPSC_1,2-Dimethylhydrazine"
"iPSC_1,6-Dinitropyrene__Genome"	"Human_iPSC_1,6-Dinitropyrene"
"iPSC_1,8-Dinitropyrene__Genome"	"Human_iPSC_1,8-Dinitropyrene"
"iPSC_2-amino-3-methylimidazo[4,5-f]quinoline__Genome"	"Human_iPSC_2-amino-3-methylimidazo[4,5-f]quinoline"
iPSC_2-Naphthylamine__Genome	Human_iPSC_2-Naphthylamine
iPSC_2-Naphthylamine_S9_Genome	Human_iPSC_2-Naphthylamine
iPSC_2-Nitrofluorene__Genome	Human_iPSC_2-Nitrofluorene
iPSC_2-Nitrotoluene_S9_Genome	Human_iPSC_2-Nitrotoluene
iPSC_3-Chloro-4-(dichloromethyl)-5-hydroxy-2(5H)-furanone__Genome	Human_iPSC_3-Chloro-4-(dichloromethyl)-5-hydroxy-2(5H)-furanone
iPSC_3-Chloro-4-(dichloromethyl)-5-hydroxy-2(5H)-furanone_S9_Genome	Human_iPSC_3-Chloro-4-(dichloromethyl)-5-hydroxy-2(5H)-furanone
iPSC_3-Nitrobenzanthrone__Genome	Human_iPSC_3-Nitrobenzanthrone
iPSC_4-Aminobiphenyl_S9_Genome	Human_iPSC_4-aminobiphenyl
iPSC_5-Methylchrysene_S9_Genome	Human_iPSC_5-Methylchrysene
iPSC_6-Nitrochrysene__Genome	Human_iPSC_6-Nitrochrysene
iPSC_6-Nitrochrysene_S9_Genome	Human_iPSC_6-Nitrochrysene
"iPSC_7H-Dibenzo[c,g]carbazole__Genome"	"Human_iPSC_7H-Dibenzo[c,g]carbazole"
"iPSC_7H-Dibenzo[c,g]carbazole_S9_Genome"	"Human_iPSC_7H-Dibenzo[c,g]carbazole"
iPSC_Acetaldehyde__Genome	Human_iPSC_Acetaldehyde
iPSC_Acrolein__Genome	Human_iPSC_Acrolein
iPSC_Acrylamide_S9_Genome	Human_iPSC_Acrylamide
iPSC_Aflatoxin_B1_S9_Genome	Human_iPSC_Aflatoxin_B1
iPSC_Aristolochic_acid_I__Genome	Human_iPSC_Aristolochic_acid_I
iPSC_Aristolochic_acid_II__Genome	Human_iPSC_Aristolochic_acid_II
iPSC_AZ20_(ATR_inhibitor)__Genome	Human_iPSC_AZ20_(ATR_inhibitor)
iPSC_AZD7762_(CHK1or2_inhibitor)__Genome	Human_iPSC_AZD7762_(CHK1or2_inhibitor)
iPSC_Benzidine__Genome	Human_iPSC_Benzidine
iPSC_Benzidine_S9_Genome	Human_iPSC_Benzidine
"iPSC_Benzo[a]pyrene-7,8-diol-9,10-epoxide__Genome"	"Human_iPSC_Benzo[a]pyrene-7,8-diol-9,10-epoxide"
iPSC_Benzo[a]pyrene_S9_Genome	Human_iPSC_Benzo[a]pyrene
iPSC_Camptothecin__Genome	Human_iPSC_Camptothecin
iPSC_Carboplatin__Genome	Human_iPSC_Carboplatin
iPSC_Catechol__Genome	Human_iPSC_Catechol
iPSC_Cisplatin__Genome	Human_iPSC_Cisplatin
iPSC_Cobalt_chloride__Genome	Human_iPSC_Cobalt_chloride
iPSC_Cyclophosphamide_S9_Genome	Human_iPSC_Cyclophosphamide
"iPSC_Dibenz[a,h]anthracene_S9_Genome"	"Human_iPSC_Dibenz[a,h]anthracene"
"iPSC_Dibenzo[a,l]pyrene-diol_epoxide__Genome"	"Human_iPSC_Dibenzo[a,l]pyrene-diol_epoxide"
"iPSC_Dibenzo[a,l]pyrene__Genome"	"Human_iPSC_Dibenzo[a,l]pyrene"
"iPSC_Dibenzo[a,l]pyrene_S9_Genome"	"Human_iPSC_Dibenzo[a,l]pyrene"
iPSC_Diethyl_sulfate__Genome	Human_iPSC_Diethyl_sulfate
iPSC_Dimethyl_sulfate__Genome	Human_iPSC_Dimethyl_sulfate
iPSC_DMSO__Genome	Human_iPSC_No_treatment
iPSC_DMSO_hamster_fraction_Genome	Human_iPSC_No_treatment
iPSC_DMSO_rat_fraction_Genome	Human_iPSC_No_treatment
iPSC_Ellipticine__Genome	Human_iPSC_Ellipticine
iPSC_Ellipticine_S9_Genome	Human_iPSC_Ellipticine
iPSC_Etoposide__Genome	Human_iPSC_Etoposide
iPSC_Formaldehyde__Genome	Human_iPSC_Formaldehyde
iPSC_Furan_S9_Genome	Human_iPSC_Furan
iPSC_GammaRay__Genome	Human_iPSC_GammaRay
iPSC_Glycidamide__Genome	Human_iPSC_Glycidamide
iPSC_Hydrogen_peroxide__Genome	Human_iPSC_Hydrogen_peroxide
iPSC_Lead_acetate__Genome	Human_iPSC_Lead_acetate
iPSC_Lead_nitrate__Genome	Human_iPSC_Lead_nitrate
iPSC_Melphalan__Genome	Human_iPSC_Melphalan
iPSC_Methanol__Genome	Human_iPSC_No_treatment
iPSC_Methanol_S9_Genome	Human_iPSC_No_treatment
iPSC_Methyl_methanesulfonate__Genome	Human_iPSC_Methyl_methanesulfonate
iPSC_Methyleugenol__Genome	Human_iPSC_Methyleugenol
iPSC_Methyleugenol_S9_Genome	Human_iPSC_Methyleugenol
iPSC_Mitomycin_C__Genome	Human_iPSC_Mitomycin_C
iPSC_N-Nitrosopyrrolidine__Genome	Human_iPSC_N-Nitrosopyrrolidine
iPSC_Nickel_chloride__Genome	Human_iPSC_Nickel_chloride
iPSC_No_Treatment__Genome	Human_iPSC_No_treatment
iPSC_No_Treatment_S9_Genome	Human_iPSC_No_treatment
iPSC_o-Toluidine_S9_Genome	Human_iPSC_o-Toluidine
iPSC_Ochratoxin_A_S9_Genome	Human_iPSC_Ochratoxin_A
iPSC_Olaparib__Genome	Human_iPSC_Olaparib
iPSC_Peroxynitrite__Genome	Human_iPSC_Peroxynitrite
iPSC_Potassium_bromate__Genome	Human_iPSC_Potassium_bromate
iPSC_Potassium_chromate__Genome	Human_iPSC_Potassium_chromate
iPSC_Simulated_solar_radiation__Genome	Human_iPSC_Simulated_solar_radiation
iPSC_Sodium_arsenite__Genome	Human_iPSC_Sodium_arsenite
iPSC_Sodium_chloride__Genome	Human_iPSC_Sodium_chloride
iPSC_Sudan_I_S9_Genome	Human_iPSC_Sudan_I
iPSC_Temozolomide__Genome	Human_iPSC_Temozolomide
iPSC_Water__Genome	Human_iPSC_No_treatment
MCF10A_Cisplatin__Genome	Human_MCF10A_Cisplatin
MCF10A_No_Treatment__Genome	Human_MCF10A_No_treatment
NHU_Benzo[a]pyrene__Genome	Human_NHU_Benzo[a]pyrene
NHU_No_Treatment__Genome	Human_NHU_No_treatment
NTERT1_No_Treatment__Genome	Human_NTERT1_No_treatment
NTERT1_Simulated_solar_radiation__Genome	Human_NTERT1_Simulated_solar_radiation
NTERT1_Sodium_arsenite__Genome	Human_NTERT1_Sodium_arsenite
NTERT1_Sodium_arsenite_Simulated_solar_radiation__Genome	Human_NTERT1_Sodium_arsenite_simulated_solar_radiation
TK6_Captafol__Genome	Human_TK6_Captafol
TK6_Diazinon__Genome	Human_TK6_Diazinon
TK6_Glyphosate__Genome	Human_TK6_Glyphosate
TK6_Malathion__Genome	Human_TK6_Malathion
TK6_No_Treatment__Genome	Human_TK6_No_treatment
U937_5-Aza-40-thio-20-deoxycytidine__Exome	Human_U937_5-aza-4-thio-2-deoxycytidine
U937_Decitabine__Exome	Human_U937_Decitabine
U937_No_Treatment__Exome	Human_U937_No_treatment
DT40_5-fluorouracil_Genome_Gallus_gallus	Chicken_DT40_5-Fluorouracil
DT40_Cisplatin_Genome_Gallus-gallus	Chicken_DT40_Cisplatin
DT40_Cyclophosphamide_Genome_Gallus-gallus	Chicken_DT40_Cyclophosphamide
DT40_Doxorubicin_Genome_Gallus-gallus	Chicken_DT40_Doxorubicin
DT40_Etoposide_Genome_Gallus-gallus	Chicken_DT40_Etoposide
DT40_Gemcitabine_Genome_Gallus-gallus	Chicken_DT40_Gemcitabine
DT40_Hydroxyurea_Genome_Gallus-gallus	Chicken_DT40_Hydroxyurea
DT40_No_Treatment_Genome_Gallus-gallus	Chicken_DT40_No_treatment
DT40_Paclitaxel_Genome_Gallus-gallus	Chicken_DT40_Paclitaxel
Aflatoxin_B1_control-csb-1	celegans_No_treatment
Aflatoxin_B1_control-pole-4	celegans_No_treatment
Aflatoxin_B1_control-polh-1	celegans_No_treatment
Aflatoxin_B1_control-polk-1	celegans_No_treatment
Aflatoxin_B1_control-polq-1	celegans_No_treatment
Aflatoxin_B1_control-rev-1	celegans_No_treatment
Aflatoxin_B1_control-rev-3	celegans_No_treatment
Aflatoxin_B1_control-wildType	celegans_No_treatment
Aflatoxin_B1_control-xpa-1	celegans_No_treatment
Aflatoxin_B1_control-xpc-1	celegans_No_treatment
Aflatoxin_B1_control-xpf-1	celegans_No_treatment
Aflatoxin_B1_exposed_csb-1	celegans_Aflatoxin_B1
Aflatoxin_B1_exposed_pole-4	celegans_Aflatoxin_B1
Aflatoxin_B1_exposed_polh-1	celegans_Aflatoxin_B1
Aflatoxin_B1_exposed_polk-1	celegans_Aflatoxin_B1
Aflatoxin_B1_exposed_polq-1	celegans_Aflatoxin_B1
Aflatoxin_B1_exposed_rev-1	celegans_Aflatoxin_B1
Aflatoxin_B1_exposed_rev-3	celegans_Aflatoxin_B1
Aflatoxin_B1_exposed_wildType	celegans_Aflatoxin_B1
Aflatoxin_B1_exposed_xpa-1	celegans_Aflatoxin_B1
Aflatoxin_B1_exposed_xpc-1	celegans_Aflatoxin_B1
Aflatoxin_B1_exposed_xpf-1	celegans_Aflatoxin_B1
Aristolochic_acid_I_control_csb-1	celegans_No_treatment
Aristolochic_acid_I_control_pole-4	celegans_No_treatment
Aristolochic_acid_I_control_polh-1	celegans_No_treatment
Aristolochic_acid_I_control_polk-1	celegans_No_treatment
Aristolochic_acid_I_control_polq-1	celegans_No_treatment
Aristolochic_acid_I_control_rev-1	celegans_No_treatment
Aristolochic_acid_I_control_rev-3	celegans_No_treatment
Aristolochic_acid_I_control_smg-1	celegans_No_treatment
Aristolochic_acid_I_control_wildType	celegans_No_treatment
Aristolochic_acid_I_control_xpa-1	celegans_No_treatment
Aristolochic_acid_I_control_xpc-1	celegans_No_treatment
Aristolochic_acid_I_control_xpf-1	celegans_No_treatment
Aristolochic_acid_I_exposed_csb-1	celegans_Aristolochic_acid_I
Aristolochic_acid_I_exposed_pole-4	celegans_Aristolochic_acid_I
Aristolochic_acid_I_exposed_polh-1	celegans_Aristolochic_acid_I
Aristolochic_acid_I_exposed_polk-1	celegans_Aristolochic_acid_I
Aristolochic_acid_I_exposed_polq-1	celegans_Aristolochic_acid_I
Aristolochic_acid_I_exposed_rev-1	celegans_Aristolochic_acid_I
Aristolochic_acid_I_exposed_rev-3	celegans_Aristolochic_acid_I
Aristolochic_acid_I_exposed_smg-1	celegans_Aristolochic_acid_I
Aristolochic_acid_I_exposed_wildType	celegans_Aristolochic_acid_I
Aristolochic_acid_I_exposed_xpa-1	celegans_Aristolochic_acid_I
Aristolochic_acid_I_exposed_xpc-1	celegans_Aristolochic_acid_I
Aristolochic_acid_I_exposed_xpf-1	celegans_Aristolochic_acid_I
cisplatin_control_brc-1	celegans_No_treatment
cisplatin_control_csb-1	celegans_No_treatment
cisplatin_control_fan-1	celegans_No_treatment
cisplatin_control_fcd-2	celegans_No_treatment
cisplatin_control_helq-1	celegans_No_treatment
cisplatin_control_him-6	celegans_No_treatment
cisplatin_control_lem-3	celegans_No_treatment
cisplatin_control_lig-4	celegans_No_treatment
cisplatin_control_mus-81	celegans_No_treatment
cisplatin_control_polh-1	celegans_No_treatment
cisplatin_control_polk-1	celegans_No_treatment
cisplatin_control_polq-1	celegans_No_treatment
cisplatin_control_rev-3	celegans_No_treatment
cisplatin_control_slx-1	celegans_No_treatment
cisplatin_control_wildType	celegans_No_treatment
cisplatin_control_xpc-1	celegans_No_treatment
cisplatin_control_xpf-1	celegans_No_treatment
cisplatin_exposed_brc-1	celegans_Cisplatin
cisplatin_exposed_csb-1	celegans_Cisplatin
cisplatin_exposed_fan-1	celegans_Cisplatin
cisplatin_exposed_fcd-2	celegans_Cisplatin
cisplatin_exposed_helq-1	celegans_Cisplatin
cisplatin_exposed_him-6	celegans_Cisplatin
cisplatin_exposed_lem-3	celegans_Cisplatin
cisplatin_exposed_lig-4	celegans_Cisplatin
cisplatin_exposed_mus-81	celegans_Cisplatin
cisplatin_exposed_polh-1	celegans_Cisplatin
cisplatin_exposed_polk-1	celegans_Cisplatin
cisplatin_exposed_polq-1	celegans_Cisplatin
cisplatin_exposed_rev-3	celegans_Cisplatin
cisplatin_exposed_slx-1	celegans_Cisplatin
cisplatin_exposed_wildType	celegans_Cisplatin
cisplatin_exposed_xpc-1	celegans_Cisplatin
cisplatin_exposed_xpf-1	celegans_Cisplatin
DMS_control_agt-2	celegans_No_treatment
DMS_control_brc-1	celegans_No_treatment
DMS_control_brd-1	celegans_No_treatment
DMS_control_cep-1	celegans_No_treatment
DMS_control_csb-1	celegans_No_treatment
DMS_control_exo-3	celegans_No_treatment
DMS_control_fan-1	celegans_No_treatment
DMS_control_helq-1	celegans_No_treatment
DMS_control_him-6	celegans_No_treatment
DMS_control_mlh-1	celegans_No_treatment
DMS_control_mrt-2	celegans_No_treatment
DMS_control_parp-1	celegans_No_treatment
DMS_control_parp-2	celegans_No_treatment
DMS_control_polh-1	celegans_No_treatment
DMS_control_polk-1	celegans_No_treatment
DMS_control_polq-1	celegans_No_treatment
DMS_control_rcq-5	celegans_No_treatment
DMS_control_rev-1	celegans_No_treatment
DMS_control_slx-1	celegans_No_treatment
DMS_control_tdp-1	celegans_No_treatment
DMS_control_ung-1	celegans_No_treatment
DMS_control_wildType	celegans_No_treatment
DMS_control_wrn-1	celegans_No_treatment
DMS_control_xpc-1	celegans_No_treatment
DMS_control_xpf-1	celegans_No_treatment
DMS_exposed_agt-2	celegans_DMS
DMS_exposed_brc-1	celegans_DMS
DMS_exposed_brd-1	celegans_DMS
DMS_exposed_cep-1	celegans_DMS
DMS_exposed_csb-1	celegans_DMS
DMS_exposed_EMS	celegans_DMS
DMS_exposed_exo-3	celegans_DMS
DMS_exposed_fan-1	celegans_DMS
DMS_exposed_helq-1	celegans_DMS
DMS_exposed_him-6	celegans_DMS
DMS_exposed_mlh-1	celegans_DMS
DMS_exposed_mrt-2	celegans_DMS
DMS_exposed_parp-1	celegans_DMS
DMS_exposed_parp-2	celegans_DMS
DMS_exposed_pole-4	celegans_DMS
DMS_exposed_polh-1	celegans_DMS
DMS_exposed_polk-1	celegans_DMS
DMS_exposed_polq-1	celegans_DMS
DMS_exposed_rcq-5	celegans_DMS
DMS_exposed_rev-1	celegans_DMS
DMS_exposed_rev-3	celegans_DMS
DMS_exposed_slx-1	celegans_DMS
DMS_exposed_tdp-1	celegans_DMS
DMS_exposed_ung-1	celegans_DMS
DMS_exposed_wildType	celegans_DMS
DMS_exposed_wrn-1	celegans_DMS
DMS_exposed_xpc-1	celegans_DMS
DMS_exposed_xpf-1	celegans_DMS
EMS_control_agt-1	celegans_No_treatment
EMS_control_agt-2	celegans_No_treatment
EMS_control_apn-1	celegans_No_treatment
EMS_control_brc-1	celegans_No_treatment
EMS_control_brd-1	celegans_No_treatment
EMS_control_ced-4	celegans_No_treatment
EMS_control_cep-1	celegans_No_treatment
EMS_control_csb-1	celegans_No_treatment
EMS_control_exo-3	celegans_No_treatment
EMS_control_fan-1	celegans_No_treatment
EMS_control_helq-1	celegans_No_treatment
EMS_control_him-6	celegans_No_treatment
EMS_control_mlh-1	celegans_No_treatment
EMS_control_mrt-2	celegans_No_treatment
EMS_control_ndx-4	celegans_No_treatment
EMS_control_parp-1	celegans_No_treatment
EMS_control_parp-2	celegans_No_treatment
EMS_control_pole-4	celegans_No_treatment
EMS_control_polh-1	celegans_No_treatment
EMS_control_polk-1	celegans_No_treatment
EMS_control_polq-1	celegans_No_treatment
EMS_control_rcq-5	celegans_No_treatment
EMS_control_rev-1	celegans_No_treatment
EMS_control_slx-1	celegans_No_treatment
EMS_control_tdp-1	celegans_No_treatment
EMS_control_ung-1	celegans_No_treatment
EMS_control_wildType	celegans_No_treatment
EMS_control_wrn-1	celegans_No_treatment
EMS_control_xpc-1	celegans_No_treatment
EMS_control_xpf-1	celegans_No_treatment
EMS_exposed_agt-1	celegans_EMS
EMS_exposed_agt-2	celegans_EMS
EMS_exposed_apn-1	celegans_EMS
EMS_exposed_brc-1	celegans_EMS
EMS_exposed_brd-1	celegans_EMS
EMS_exposed_ced-4	celegans_EMS
EMS_exposed_cep-1	celegans_EMS
EMS_exposed_csb-1	celegans_EMS
EMS_exposed_EMS	celegans_EMS
EMS_exposed_exo-3	celegans_EMS
EMS_exposed_fan-1	celegans_EMS
EMS_exposed_helq-1	celegans_EMS
EMS_exposed_him-6	celegans_EMS
EMS_exposed_mlh-1	celegans_EMS
EMS_exposed_mrt-2	celegans_EMS
EMS_exposed_ndx-4	celegans_EMS
EMS_exposed_parp-1	celegans_EMS
EMS_exposed_parp-2	celegans_EMS
EMS_exposed_pole-4	celegans_EMS
EMS_exposed_polh-1	celegans_EMS
EMS_exposed_polk-1	celegans_EMS
EMS_exposed_polq-1	celegans_EMS
EMS_exposed_rcq-5	celegans_EMS
EMS_exposed_rev-1	celegans_EMS
EMS_exposed_rev-3	celegans_EMS
EMS_exposed_slx-1	celegans_EMS
EMS_exposed_tdp-1	celegans_EMS
EMS_exposed_ung-1	celegans_EMS
EMS_exposed_wildType	celegans_EMS
EMS_exposed_wrn-1	celegans_EMS
EMS_exposed_xpa-1	celegans_EMS
EMS_exposed_xpc-1	celegans_EMS
EMS_exposed_xpf-1	celegans_EMS
gammaray_control_agt-1	celegans_No_treatment
gammaray_control_agt-2	celegans_No_treatment
gammaray_control_apn-1	celegans_No_treatment
gammaray_control_brc-1	celegans_No_treatment
gammaray_control_brd-1	celegans_No_treatment
gammaray_control_ced-4	celegans_No_treatment
gammaray_control_cep-1	celegans_No_treatment
gammaray_control_csb-1	celegans_No_treatment
gammaray_control_dog-1	celegans_No_treatment
gammaray_control_exo-1	celegans_No_treatment
gammaray_control_exo-3	celegans_No_treatment
gammaray_control_fan-1	celegans_No_treatment
gammaray_control_fnci-1	celegans_No_treatment
gammaray_control_fncm-1	celegans_No_treatment
gammaray_control_helq-1	celegans_No_treatment
gammaray_control_him-6	celegans_No_treatment
gammaray_control_lem-3	celegans_No_treatment
gammaray_control_lig-4	celegans_No_treatment
gammaray_control_mlh-1	celegans_No_treatment
gammaray_control_mrt-2	celegans_No_treatment
gammaray_control_ndx-4	celegans_No_treatment
gammaray_control_parp-1	celegans_No_treatment
gammaray_control_parp-2	celegans_No_treatment
gammaray_control_pole-4	celegans_No_treatment
gammaray_control_polh-1	celegans_No_treatment
gammaray_control_polk-1	celegans_No_treatment
gammaray_control_polq-1	celegans_No_treatment
gammaray_control_rad-51	celegans_No_treatment
gammaray_control_rcq-5	celegans_No_treatment
gammaray_control_rev-1	celegans_No_treatment
gammaray_control_rfs-1	celegans_No_treatment
gammaray_control_rif-1	celegans_No_treatment
gammaray_control_rip-1	celegans_No_treatment
gammaray_control_san-1	celegans_No_treatment
gammaray_control_slx-1	celegans_No_treatment
gammaray_control_smc-6	celegans_No_treatment
gammaray_control_smg-1	celegans_No_treatment
gammaray_control_tdp-1	celegans_No_treatment
gammaray_control_ung-1	celegans_No_treatment
gammaray_control_wildType	celegans_No_treatment
gammaray_control_wrn-1	celegans_No_treatment
gammaray_control_xpa-1	celegans_No_treatment
gammaray_control_xpc-1	celegans_No_treatment
gammaray_control_xpf-1	celegans_No_treatment
gammaray_exposed_agt-1	celegans_GammaRay
gammaray_exposed_agt-2	celegans_GammaRay
gammaray_exposed_apn-1	celegans_GammaRay
gammaray_exposed_brc-1	celegans_GammaRay
gammaray_exposed_brd-1	celegans_GammaRay
gammaray_exposed_bub-3-(gt2000)	celegans_GammaRay
gammaray_exposed_bub-3-gen(ok3437)	celegans_GammaRay
gammaray_exposed_ced-4	celegans_GammaRay
gammaray_exposed_cep-1	celegans_GammaRay
gammaray_exposed_csb-1	celegans_GammaRay
gammaray_exposed_dog-1	celegans_GammaRay
gammaray_exposed_exo-1	celegans_GammaRay
gammaray_exposed_exo-3	celegans_GammaRay
gammaray_exposed_fan-1	celegans_GammaRay
gammaray_exposed_fnci-1	celegans_GammaRay
gammaray_exposed_fncm-1	celegans_GammaRay
gammaray_exposed_helq-1	celegans_GammaRay
gammaray_exposed_him-6	celegans_GammaRay
gammaray_exposed_lem-3	celegans_GammaRay
gammaray_exposed_lig-4	celegans_GammaRay
gammaray_exposed_mlh-1	celegans_GammaRay
gammaray_exposed_mrt-2	celegans_GammaRay
gammaray_exposed_ndx-4	celegans_GammaRay
gammaray_exposed_parp-1	celegans_GammaRay
gammaray_exposed_parp-2	celegans_GammaRay
gammaray_exposed_pole-4	celegans_GammaRay
gammaray_exposed_polh-1	celegans_GammaRay
gammaray_exposed_polk-1	celegans_GammaRay
gammaray_exposed_polq-1	celegans_GammaRay
gammaray_exposed_rad-51	celegans_GammaRay
gammaray_exposed_rad-54B-gen(gt3312)	celegans_GammaRay
gammaray_exposed_rad-54B-gen(gt3308)	celegans_GammaRay
gammaray_exposed_rcq-5	celegans_GammaRay
gammaray_exposed_rev-1	celegans_GammaRay
gammaray_exposed_rfs-1	celegans_GammaRay
gammaray_exposed_rif-1	celegans_GammaRay
gammaray_exposed_rip-1	celegans_GammaRay
gammaray_exposed_san-1	celegans_GammaRay
gammaray_exposed_slx-1	celegans_GammaRay
gammaray_exposed_smc-6	celegans_GammaRay
gammaray_exposed_smg-1	celegans_GammaRay
gammaray_exposed_tdp-1	celegans_GammaRay
gammaray_exposed_ung-1	celegans_GammaRay
gammaray_exposed_wildType	celegans_GammaRay
gammaray_exposed_wrn-1	celegans_GammaRay
gammaray_exposed_xpa-1	celegans_GammaRay
gammaray_exposed_xpc-1	celegans_GammaRay
gammaray_exposed_xpf-1	celegans_GammaRay
Hydroxyurea_control_dog-1	celegans_No_treatment
Hydroxyurea_control_him-6	celegans_No_treatment
Hydroxyurea_control_mrt-2	celegans_No_treatment
Hydroxyurea_control_mus-81	celegans_No_treatment
Hydroxyurea_control_slx-1	celegans_No_treatment
Hydroxyurea_control_wildType	celegans_No_treatment
Hydroxyurea_exposed_dog-1	celegans_Hydroxyurea
Hydroxyurea_exposed_him-6	celegans_Hydroxyurea
Hydroxyurea_exposed_mrt-2	celegans_Hydroxyurea
Hydroxyurea_exposed_mus-81	celegans_Hydroxyurea
Hydroxyurea_exposed_slx-1	celegans_Hydroxyurea
Hydroxyurea_exposed_wildType	celegans_Hydroxyurea
Mechlorethamine_control_fan-1	celegans_No_treatment
Mechlorethamine_control_fcd-2	celegans_No_treatment
Mechlorethamine_control_wildType	celegans_No_treatment
Mitomycin_exposed_wildType	celegans_Mitomycin_C
MMS_control_agt-1	celegans_No_treatment
MMS_control_agt-2	celegans_No_treatment
MMS_control_apn-1	celegans_No_treatment
MMS_control_brc-1	celegans_No_treatment
MMS_control_brd-1	celegans_No_treatment
MMS_control_ced-3	celegans_No_treatment
MMS_control_ced-4	celegans_No_treatment
MMS_control_cep-1	celegans_No_treatment
MMS_control_cku-80	celegans_No_treatment
MMS_control_csb-1	celegans_No_treatment
MMS_control_dna-2	celegans_No_treatment
MMS_control_exo-3	celegans_No_treatment
MMS_control_fan-1	celegans_No_treatment
MMS_control_helq-1	celegans_No_treatment
MMS_control_him-6	celegans_No_treatment
MMS_control_mlh-1	celegans_No_treatment
MMS_control_mrt-2	celegans_No_treatment
MMS_control_mus-81	celegans_No_treatment
MMS_control_ndx-4	celegans_No_treatment
MMS_control_parp-1	celegans_No_treatment
MMS_control_parp-2	celegans_No_treatment
MMS_control_pole-4	celegans_No_treatment
MMS_control_polh-1	celegans_No_treatment
MMS_control_polk-1	celegans_No_treatment
MMS_control_polq-1	celegans_No_treatment
MMS_control_rcq-5	celegans_No_treatment
MMS_control_rev-1	celegans_No_treatment
MMS_control_rev-3	celegans_No_treatment
MMS_control_slx-1	celegans_No_treatment
MMS_control_smg-1	celegans_No_treatment
MMS_control_tdp-1	celegans_No_treatment
MMS_control_ung-1	celegans_No_treatment
MMS_control_wildType	celegans_No_treatment
MMS_control_wrn-1	celegans_No_treatment
MMS_control_xpa-1	celegans_No_treatment
MMS_control_xpc-1	celegans_No_treatment
MMS_control_xpf-1	celegans_No_treatment
MMS_exposed_agt-1	celegans_MMS
MMS_exposed_agt-2	celegans_MMS
MMS_exposed_apn-1	celegans_MMS
MMS_exposed_brc-1	celegans_MMS
MMS_exposed_brd-1	celegans_MMS
MMS_exposed_ced-3	celegans_MMS
MMS_exposed_ced-4	celegans_MMS
MMS_exposed_cep-1	celegans_MMS
MMS_exposed_cku-80	celegans_MMS
MMS_exposed_csb-1	celegans_MMS
MMS_exposed_dna-2	celegans_MMS
MMS_exposed_EMS	celegans_MMS
MMS_exposed_exo-3	celegans_MMS
MMS_exposed_fan-1	celegans_MMS
MMS_exposed_helq-1	celegans_MMS
MMS_exposed_him-6	celegans_MMS
MMS_exposed_mlh-1	celegans_MMS
MMS_exposed_mrt-2	celegans_MMS
MMS_exposed_mus-81	celegans_MMS
MMS_exposed_ndx-4	celegans_MMS
MMS_exposed_parp-1	celegans_MMS
MMS_exposed_parp-2	celegans_MMS
MMS_exposed_pole-4	celegans_MMS
MMS_exposed_polh-1	celegans_MMS
MMS_exposed_polk-1	celegans_MMS
MMS_exposed_polq-1	celegans_MMS
MMS_exposed_rcq-5	celegans_MMS
MMS_exposed_rev-1	celegans_MMS
MMS_exposed_rev-3	celegans_MMS
MMS_exposed_slx-1	celegans_MMS
MMS_exposed_smg-1	celegans_MMS
MMS_exposed_tdp-1	celegans_MMS
MMS_exposed_ung-1	celegans_MMS
MMS_exposed_wildType	celegans_MMS
MMS_exposed_wrn-1	celegans_MMS
MMS_exposed_xpa-1	celegans_MMS
MMS_exposed_xpc-1	celegans_MMS
MMS_exposed_xpf-1	celegans_MMS
NA_agt-1	celegans_No_treatment
NA_agt-2	celegans_No_treatment
NA_apn-1	celegans_No_treatment
NA_brc-1	celegans_No_treatment
NA_brd-1	celegans_No_treatment
NA_bub-3-gen(gt2000)	celegans_No_treatment
NA_bub-3-gen(ok3437)	celegans_No_treatment
NA_ced-3	celegans_No_treatment
NA_ced-4	celegans_No_treatment
NA_cep-1	celegans_No_treatment
NA_cku-80	celegans_No_treatment
NA_csb-1	celegans_No_treatment
NA_dna-2	celegans_No_treatment
NA_dog-1	celegans_No_treatment
NA_exo-3	celegans_No_treatment
NA_fan-1	celegans_No_treatment
NA_fcd-2	celegans_No_treatment
NA_fnci-1	celegans_No_treatment
NA_fncm-1	celegans_No_treatment
NA_helq-1	celegans_No_treatment
NA_him-6	celegans_No_treatment
NA_lem-3	celegans_No_treatment
NA_lig-4	celegans_No_treatment
NA_mlh-1	celegans_No_treatment
NA_mrt-2	celegans_No_treatment
NA_mus-81	celegans_No_treatment
NA_ndx-4	celegans_No_treatment
NA_parp-1	celegans_No_treatment
NA_parp-2	celegans_No_treatment
NA_pole-4	celegans_No_treatment
NA_polh-1	celegans_No_treatment
NA_polk-1	celegans_No_treatment
NA_polq-1	celegans_No_treatment
NA_rad-54B-gen(gt3312)	celegans_No_treatment
NA_rad-54B-gen(gt3308)	celegans_No_treatment
NA_rcq-5	celegans_No_treatment
NA_rev-1	celegans_No_treatment
NA_rev-3	celegans_No_treatment
NA_rfs-1	celegans_No_treatment
NA_rif-1	celegans_No_treatment
NA_rip-1	celegans_No_treatment
NA_san-1	celegans_No_treatment
NA_slx-1	celegans_No_treatment
NA_smc-6	celegans_No_treatment
NA_smg-1	celegans_No_treatment
NA_tdp-1	celegans_No_treatment
NA_ung-1	celegans_No_treatment
NA_wildType	celegans_No_treatment
NA_wrn-1	celegans_No_treatment
NA_xpa-1	celegans_No_treatment
NA_xpc-1	celegans_No_treatment
NA_xpf-1	celegans_No_treatment
UVB_control_mus-81	celegans_No_treatment
UVB_control_pole-4	celegans_No_treatment
UVB_control_polh-1	celegans_No_treatment
UVB_control_polk-1	celegans_No_treatment
UVB_control_polq-1	celegans_No_treatment
UVB_control_rev-1	celegans_No_treatment
UVB_control_rev-3	celegans_No_treatment
UVB_control_wildType	celegans_No_treatment
UVB_control_xpc-1	celegans_No_treatment
UVB_control_xpf-1	celegans_No_treatment
UVB_exposed_him-6	celegans_UVB
UVB_exposed_mus-81	celegans_UVB
UVB_exposed_pole-4	celegans_UVB
UVB_exposed_polh-1	celegans_UVB
UVB_exposed_polk-1	celegans_UVB
UVB_exposed_polq-1	celegans_UVB
UVB_exposed_rev-1	celegans_UVB
UVB_exposed_rev-3	celegans_UVB
UVB_exposed_wildType	celegans_UVB
UVB_exposed_xpc-1	celegans_UVB
UVB_exposed_xpf-1	celegans_UVB
Xray_control_brc-1	celegans_No_treatment
Xray_control_lig-4	celegans_No_treatment
Xray_control_wildType	celegans_No_treatment
Xray_exposed_brc-1	celegans_Xray
Xray_exposed_lig-4	celegans_Xray
Xray_exposed_wildType	celegans_Xray
Control	celegans_No_treatment
PFDA	celegans_PFDA
PFNA	celegans_PFNA
CX-5461_NO_UVA_Celegans	celegans_CX-5461
CX-5461_UVA_Celegans	celegans_CX-5461_UVA
No_Treatment_TMP_UVA200J	celegans_No_treatment
Liver_Diethylnitrosamine__Exome_Dystal_node	Mouse_Liver_Diethylnitrosamine
Liver_Diethylnitrosamine__Exome_Hepatocellular_Carcinoma	Mouse_Liver_Diethylnitrosamine
Lung_N-methyl-N-nitrosourea__Exome_Lung_Non-Small_Cell_Carcinoma	Mouse_Lung_N-methyl-N-nitrosourea
Lung_N-methyl-N-nitrosourea_KRAS+/-_Exome_Lung_Non-Small_Cell_Carcinoma	Mouse_Lung_N-methyl-N-nitrosourea
Lung_Urethane___Exome_Lung_Non-Small_Cell_Carcinoma	Mouse_Lung_Urethane
Lung_Urethane_KRAS+/-__Exome_Lung_Non-Small_Cell_Carcinoma	Mouse_Lung_Urethane
Liver_Cobalt_metal__Genome	Mouse_Liver_Cobalt_metal
Liver_Primaclone__Genome	Mouse_Liver_Primaclone
Lung_Cobalt_metal__Genome	Mouse_Lung_Cobalt_metal
MEF_N-methyl-N-nitro-nitrosoguanidine__Exome	Mouse_MEF_N-methyl-N-nitro-nitrosoguanidine
"MEF_2-Amino-1-methyl-6-phenylimidazo[4,5-b]pyridine__Genome"	"Mouse_MEF_2-amino-1-methyl-6-phenylimidazo[4,5-b]pyridine"
BEAS-2B_4-(methylnitrosamino)-1-(3-pyridyl)-1-butanone__Genome	Human_BEAS-2B_4-(methylnitrosamino)-1-(3-pyridyl)-1-butanone
BEAS-2B_Methylnitronitrosoguanidine__Genome	Human_BEAS-2B_N-methyl-N-nitro-nitrosoguanidine
HEK293T_Styrene_Oxide__Genome	Human_HEK293T_Styrene_Oxide
"iPSC_1,4-BenzoquiNone__Genome"	"Human_iPSC_1,4-Benzoquinone"
"iPSC_2-amino-1-methyl-6-phenylimidazo[4,5-b]pyridine_S9_Genome"	"Human_iPSC_2-amino-1-methyl-6-phenylimidazo[4,5-b]pyridine"
"iPSC_2-amino-3-methyl-9H-pyrido[2,3-b]indole__Genome"	"Human_iPSC_2-amino-3-methyl-9H-pyrido[2,3-b]indole"
"iPSC_2-amino-3,8-dimethylimidazo[4,5-f]quinoxaline__Genome"	"Human_iPSC_2-amino-3,8-dimethylimidazo[4,5-f]quinoxaline"
"iPSC_2,6-dimethylaniline__Genome"	"Human_iPSC_2,6-dimethylaniline"
"iPSC_2,6-dimethylaniline_S9_Genome"	"Human_iPSC_2,6-dimethylaniline"
"iPSC_4,4'-Methylene(2-chloroaniline)__Genome"	"Human_iPSC_4,4'-Methylene(2-chloroaniline)"
"iPSC_4,4'-Methylene(2-chloroaniline)_S9_Genome"	"Human_iPSC_4,4'-Methylene(2-chloroaniline)"
iPSC_Bleomycin__Genome	Human_iPSC_Bleomycin
iPSC_Cadmium_chloride__Genome	Human_iPSC_Cadmium_chloride
"iPSC_Dibenz(a,j)acridine_S9_Genome"	"Human_iPSC_Dibenz(a,j)acridine"
"iPSC_Dibenz[a,h]anthracene-diol_epoxide__Genome"	"Human_iPSC_Dibenz[a,h]anthracene-diol_epoxide"
iPSC_Mechlorethamine__Genome	Human_iPSC_Mechlorethamine
iPSC_N-Ethyl-N-nitrosourea__Genome	Human_iPSC_N-ethyl-N-nitrosourea
iPSC_N-methyl-N'-nitro-nitrosoguanidine__Genome	Human_iPSC_N-methyl-N-nitro-nitrosoguanidine
iPSC_N-Methyl-N-nitrosourea__Genome	Human_iPSC_N-methyl-N-nitrosourea
iPSC_o-Anisidine__Genome	Human_iPSC_o-Anisidine
iPSC_o-Anisidine_S9_Genome	Human_iPSC_o-Anisidine
iPSC_Propylene_oxide__Genome	Human_iPSC_Propylene_oxide
iPSC_Semustine__Genome	Human_iPSC_Semustine
iPSC_Semustine_S9_Genome	Human_iPSC_Semustine
iPSC_Styrene_Oxide__Genome	Human_iPSC_Styrene_Oxide
"TK6_4,4'-Dichlorodiphenyltrichloroethane__Genome"	"Human_TK6_4,4'-Dichlorodiphenyltrichloroethane"
TK6_Dieldrin__Genome	Human_TK6_Dieldrin
Brain_N-ethyl-N-nitrosourea_Genome	Rat_Brain_N-ethyl-N-nitrosourea
Mechlorethamine_exposed_fan-1	celegans_Mechlorethamine
Mechlorethamine_exposed_fcd-2	celegans_Mechlorethamine
Mechlorethamine_exposed_wildType	celegans_Mechlorethamine
PFOA	celegans_PFOA
PFOS	celegans_PFOS
atm-1_xpc-1_TMP_UVA200J	celegans_TMP_UVA200J
ced-4_TMP_UVA200J	celegans_TMP_UVA200J
cku-80_TMP_UVA200J	celegans_TMP_UVA200J
pcn-1_TMP_UVA200J	celegans_TMP_UVA200J
WildType_TMP_UVA200J	celegans_TMP_UVA200J
wrn-1_TMP_UVA200J	celegans_TMP_UVA200J