MutationType	DT40_Cisplatin_Genome_Gallus-gallus_1	DT40_Cisplatin_Genome_Gallus-gallus_2	DT40_Cisplatin_Genome_Gallus-gallus_3
A[C>A]A	0.004054568387898927	0.00014780672767430742	0.009826730758112023
A[C>A]C	0.14197398249495652	0.11441050835595	0.11163489218632262
A[C>A]G	0.0004541936919032725	3.334656555882639e-05	3.811262024402679e-05
A[C>A]T	0.03071127013900042	0.024034745530055374	0.02235143431056408
A[C>G]A	0.0002572070453352586	0.002936107424440845	0.0013000959896958722
A[C>G]C	0.002379417780600779	0.0005570481316169297	0.0001974200177962618
A[C>G]G	7.952833599801789e-05	4.666144113350233e-05	4.3515445445233866e-05
A[C>G]T	0.0024392936469813335	0.005400643863916757	0.00019768359841050394
A[C>T]A	0.00019085660670892777	0.0028749498351390568	0.00011389047880675604
A[C>T]C	0.00042406468097241803	0.0025504309762086654	0.007525203237233504
A[C>T]G	0.0001888456679431198	0.0001995281864123259	9.305801139876583e-05
A[C>T]T	8.218909301165298e-05	0.00044155522757869915	0.0020697203834338764
A[T>A]A	0.004445595118199576	0.0026354072275997864	0.004495615523979397
A[T>A]C	0.04712054093250268	0.05787669197391593	0.041749633198060826
A[T>A]G	0.001998637184484899	0.002840247558305756	0.0026143493884450454
A[T>A]T	0.0009596218762765913	0.0021667207871050196	0.001419798932234797
A[T>C]A	0.0005118330229157557	0.0005849292735511221	0.0004421581819000086
A[T>C]C	0.004664712564553894	0.001880468198506166	0.002683005030666764
A[T>C]G	0.0010273459656573141	0.00017516521757149424	4.1077535981251386e-05
A[T>C]T	0.0007048806516633999	0.00015356725118121275	0.0011481582750466582
A[T>G]A	0.00022378034177599222	0.00045116177692047766	0.0004758188570708286
A[T>G]C	0.00029299501116945983	0.0001707473270446134	0.00019686436073071742
A[T>G]G	0.004230427356690266	0.002478292351603979	0.004304138527641776
A[T>G]T	0.0010413899403630986	5.968088809963875e-05	4.3028196273078684e-05
C[C>A]A	0.013549116557702613	0.018719597085349638	0.024975492148159403
C[C>A]C	0.09830995037795894	0.061234059188140746	0.06406451095805887
C[C>A]G	6.973997149975296e-05	0.0004404287510008983	0.0004088372348985913
C[C>A]T	0.014312806157746794	0.01851070953668241	0.024798331392969445
C[C>G]A	0.0032763052391960768	0.0019892523762588166	0.0026135579203959832
C[C>G]C	0.0006106062584263083	0.0011267946129561303	0.0026317323109850375
C[C>G]G	7.681797587555389e-05	0.0011200185191958634	3.378732051689196e-05
C[C>G]T	7.304221726401853e-05	0.0017406168253776668	0.0024844207037434114
C[C>T]A	0.0005286751683955132	0.0025736343548343546	0.005468351165796593
C[C>T]C	0.002912246041958357	0.002442909074403736	0.005992365937890259
C[C>T]G	0.0002384643498513875	0.00010745740476327323	0.0005775898611420899
C[C>T]T	0.0009985641705687225	0.0013633137001252927	0.009540589919343378
C[T>A]A	0.017516481595813194	0.01948576420714332	0.021238004030803056
C[T>A]C	0.011253775588576048	0.01453482790616873	0.013282220399794093
C[T>A]G	0.014312535561809784	0.027771917559654132	0.015736550289440692
C[T>A]T	0.021172182824975874	0.00893524530598601	0.01557952331682553
C[T>C]A	6.994959613579553e-05	0.00473650241072531	0.0003020954507083023
C[T>C]C	0.0008493012776084735	0.001861779823879068	0.006012184600971567
C[T>C]G	0.001072289020244376	0.010088383442470978	0.004264215184458239
C[T>C]T	0.003963925972350965	0.0033284882378991835	0.00868906703120108
C[T>G]A	0.0007021203704397516	0.004844303533648862	0.0026028565566581837
C[T>G]C	0.0007182064502172647	0.0004333976050804422	0.0010796844392478
C[T>G]G	0.009830120837020687	0.014292705404040094	0.010122981262951598
C[T>G]T	0.00577068223667112	0.0002439103847870099	0.0002756750940226444
G[C>A]A	0.0037420797199492956	0.015511602616074607	0.007784610007660331
G[C>A]C	0.16037312518034344	0.1790315115668657	0.1521688080126557
G[C>A]G	0.0018825608703827881	0.001125497089695478	0.00038250158806937595
G[C>A]T	0.027846067970277232	0.026190252824261285	0.03528741400961271
G[C>G]A	0.0043193865328432215	0.002419253224667077	0.0044521364102584685
G[C>G]C	0.004719364550388843	0.006100954433727567	0.009280721748789897
G[C>G]G	7.929323449295102e-05	4.514551026362445e-05	0.00038677473077944753
G[C>G]T	0.0004002764607140349	0.0016283298372273488	0.0002710342744353262
G[C>T]A	0.003525300255504372	0.004226849944703362	0.005249959324039381
G[C>T]C	0.0025007452964110133	0.005435628152744321	0.005276760165815948
G[C>T]G	0.0012059675006144918	0.000669954116612102	0.00012590195305219534
G[C>T]T	0.007329109662484831	0.009163768362523708	0.0063493710421880355
G[T>A]A	0.0004350152299716387	0.0007938416356061952	0.00024025632364872528
G[T>A]C	0.021794187241571703	0.020242427440239234	0.00654469030305313
G[T>A]G	7.186546128180732e-05	0.0015982821286240412	3.898688569183118e-05
G[T>A]T	0.001138080510767575	0.0005639429132727155	0.003240614410646678
G[T>C]A	0.0002707061815067401	0.0001807841816571445	0.001384847617365986
G[T>C]C	0.005095743529487849	0.00044571584496226884	5.2885300645653405e-05
G[T>C]G	6.703770544872717e-05	4.970406782310459e-05	0.0006373154266970809
G[T>C]T	0.002866230913001608	0.0003153367230619884	0.00045916922359007825
G[T>G]A	6.709142185449845e-05	4.615307791462084e-05	3.7893760361325794e-05
G[T>G]C	8.10876013762043e-05	0.00042915900251687655	0.0016830582064683783
G[T>G]G	0.0031821955097391173	0.002982446045171454	0.004661846931676196
G[T>G]T	6.542980330059886e-05	0.0020823390149387307	0.0006053345208057225
T[C>A]A	0.0041214533097659435	0.002856008598725164	0.006183064818424172
T[C>A]C	0.15096618823455257	0.1655776237474528	0.1770703028182127
T[C>A]G	7.073429142057119e-05	0.0004390660776567462	0.00040112359441660185
T[C>A]T	0.04430839580321183	0.03521536194027228	0.05733891164649242
T[C>G]A	0.00026121958297582986	0.0030587364348112996	0.0014272237101201324
T[C>G]C	0.0007331793060720635	0.0028828089851208522	0.0036174577019470917
T[C>G]G	0.0007550243754522216	0.00042376478151035565	0.0009474110755357379
T[C>G]T	0.00059592605789558	0.0049096782823902715	0.0059771647478243095
T[C>T]A	0.0012691819399049439	0.0023349875616480204	0.0009004053914131033
T[C>T]C	0.0022543519038457486	0.016866209931196276	0.005345617764509023
T[C>T]G	0.00039898450473431	9.15259395285634e-05	0.0006269335467119985
T[C>T]T	0.021787645335813278	0.002490416162152749	0.013487984565122093
T[T>A]A	0.0008739961760094906	0.006415480013019628	0.00286721377387128
T[T>A]C	0.022783220994182504	0.013521900490049466	0.005685787311508457
T[T>A]G	0.004542716268543552	0.0016043764803590447	0.0035333661364572756
T[T>A]T	0.00743500931111093	0.0005446275587639967	0.0022301542059898227
T[T>C]A	7.880941614549012e-05	0.001646381669073168	0.0002777221716943221
T[T>C]C	0.0004058467283547839	0.005816879779779676	0.0002466451910356582
T[T>C]G	0.0013642928695162808	0.00023264440709714807	0.0007461977325133625
T[T>C]T	0.000497412646460294	9.724799872799004e-05	0.002549881346855618
T[T>G]A	6.847184553343135e-05	0.0015871664755887026	5.041143232652933e-05
T[T>G]C	8.397897361523328e-05	4.9995274600801616e-05	0.00042149270896851934
T[T>G]G	0.0047068778219232985	0.0028578144481801356	0.0034785319759562004
T[T>G]T	0.0039340506033742045	0.0001679878594778443	0.00020607487760847772
