MutationType	Brain_N-ethyl-N-nitrosourea_Genome_1	Brain_N-ethyl-N-nitrosourea_Genome_2	Brain_N-ethyl-N-nitrosourea_Genome_3	Brain_N-ethyl-N-nitrosourea_Genome_4	Brain_N-ethyl-N-nitrosourea_Genome_5
A[C>A]A	0.01586163634734295	0.02187598363235757	0.023649801023308697	0.018325365782992903	0.018780048076923076
A[C>A]C	0.0034949368222959047	0.003934529430280139	0.003979533826037522	0.004418368825148486	0.005558894230769231
A[C>A]G	0.002329957881530603	0.0028328611898017	0.0025014212620807275	0.002679994205417934	0.002253605769230769
A[C>A]T	0.0032260955282731427	0.005980484734025811	0.005685048322910745	0.006229175720701145	0.006009615384615385
A[C>G]A	0.0020611165875078414	0.0022033364809568774	0.0017055144968732233	0.0018108068955526582	0.0018780048076923077
A[C>G]C	0.0009857514114167936	0.0018885741265344666	0.0013644115974985787	0.0010140518615094887	0.0015024038461538462
A[C>G]G	0.00017922752934850794	0.00015738117721120554	0.00022740193291642978	0.0002897291032884253	0.00030048076923076925
A[C>G]T	0.0014338202347880635	0.0022033364809568774	0.002387720295622513	0.0023178328263074024	0.0013521634615384615
A[C>T]A	0.036472802222421365	0.029745042492917848	0.027970437748720864	0.03331884687816891	0.03387920673076923
A[C>T]C	0.030468679989246347	0.018570978910922253	0.021944286526435475	0.0434593654932638	0.042593149038461536
A[C>T]G	0.007258714938614571	0.009442870632672332	0.0070494599204093235	0.007822685788787484	0.006159855769230769
A[C>T]T	0.04901872927681692	0.039660056657223795	0.03763501989766913	0.05005070259307547	0.053109975961538464
A[T>A]A	0.032888251635451206	0.03840100723953415	0.03422399090392268	0.026727509778357236	0.028470552884615384
A[T>A]C	0.02482301281476835	0.028485993075228203	0.02524161455372371	0.02071563088512241	0.020357572115384616
A[T>A]G	0.04014696657406577	0.04406672961913755	0.04945992040932348	0.03397073736056787	0.036733774038461536
A[T>A]T	0.020521552110404156	0.02045955303745672	0.0183058555997726	0.016659423439084456	0.017803485576923076
A[T>C]A	0.021776144815843713	0.024866225999370474	0.02467310972143263	0.020208604954367666	0.02013221153846154
A[T>C]C	0.013890133524509365	0.01825621655649984	0.01648664013644116	0.012313486889758076	0.012094350961538462
A[T>C]G	0.011112106819607491	0.015580736543909348	0.0160318362706083	0.010647544545849631	0.010591947115384616
A[T>C]T	0.013531678465812349	0.016210261252754172	0.018192154633314382	0.011154570476604375	0.011117788461538462
A[T>G]A	0.009319831526122412	0.013849543594586088	0.013871517907902217	0.008039982616253803	0.009164663461538462
A[T>G]C	0.006810646115243301	0.010072395341517154	0.008754974417282547	0.0045632333767926985	0.006009615384615385
A[T>G]G	0.013262837171789587	0.013849543594586088	0.017396247868106878	0.008039982616253803	0.011192908653846154
A[T>G]T	0.009140603996773904	0.012747875354107648	0.008982376350198976	0.0047805302042590175	0.007136418269230769
C[C>A]A	0.006362577291872031	0.005508341202392194	0.006935758953951108	0.006084311169056932	0.005859375
C[C>A]C	0.0015234339994623174	0.0018885741265344666	0.002046617396247868	0.001738374619730552	0.002178485576923077
C[C>A]G	0.0012545927054395554	0.0007869058860560277	0.0011370096645821489	0.000651890482398957	0.0015024038461538462
C[C>A]T	0.0016130477641365713	0.0018885741265344666	0.0019329164297896533	0.0014486455164421266	0.0015775240384615385
C[C>G]A	0.0012545927054395554	0.0018885741265344666	0.0009096077316657191	0.000651890482398957	0.00037560096153846156
C[C>G]C	0.0006272963527197777	0.00141643059490085	0.0014781125639567935	0.0007967550340431697	0.0007512019230769231
C[C>G]G	0.0002688412940227619	0.0009442870632672333	0.0006822057987492893	0.0	0.00030048076923076925
C[C>G]T	0.00044806882337126985	0.00047214353163361664	0.0007959067652075042	0.000651890482398957	0.0006009615384615385
C[C>T]A	0.012008244466350031	0.008970727101038715	0.010119386014781125	0.01441402288859916	0.014498197115384616
C[C>T]C	0.010932879290258983	0.004406672961913755	0.005685048322910745	0.015355642474286542	0.012319711538461538
C[C>T]G	0.0039430056456671745	0.003777148253068933	0.002387720295622513	0.0035491815152832104	0.0023287259615384615
C[C>T]T	0.023209965050631776	0.01447906830343091	0.014553723706651506	0.025785890192669855	0.026066706730769232
C[T>A]A	0.007886011291334349	0.008183821214982689	0.011028993746446844	0.008039982616253803	0.007587139423076923
C[T>A]C	0.009140603996773904	0.012433112999685237	0.011028993746446844	0.007532956685499058	0.00811298076923077
C[T>A]G	0.022044986109866476	0.025967894239848913	0.025810119386014782	0.020932927712588728	0.0205078125
C[T>A]T	0.006272963527197778	0.0066100094428706326	0.010574189880613986	0.005939446617412719	0.006535456730769231
C[T>C]A	0.009409445290796667	0.012747875354107648	0.008641273450824332	0.008039982616253803	0.007286658653846154
C[T>C]C	0.01989425575768438	0.019515265974189486	0.019897669130187607	0.01499348109517601	0.013521634615384616
C[T>C]G	0.007437942467963079	0.0084985835694051	0.009891984081864695	0.006953498478922208	0.00848858173076923
C[T>C]T	0.009857514114167937	0.012118350645262826	0.011824900511654348	0.00948862813269593	0.009990985576923076
C[T>G]A	0.002150730352182095	0.0018885741265344666	0.0027288231949971573	0.0023902651021295088	0.002178485576923077
C[T>G]C	0.0044806882337126985	0.004406672961913755	0.003979533826037522	0.003476749239461104	0.002704326923076923
C[T>G]G	0.006272963527197778	0.0084985835694051	0.005002842524161455	0.004635665652614805	0.0048828125
C[T>G]T	0.0032260955282731427	0.004091910607491344	0.0037521318931210915	0.002245400550485296	0.0021033653846153845
G[C>A]A	0.0034949368222959047	0.006295247088448221	0.006935758953951108	0.0057945820657685065	0.005408653846153846
G[C>A]C	0.0015234339994623174	0.0022033364809568774	0.0017055144968732233	0.0023902651021295088	0.002178485576923077
G[C>A]G	0.0008065238820682857	0.002045955303745672	0.0009096077316657191	0.0010140518615094887	0.00045072115384615387
G[C>A]T	0.0013442064701138096	0.0015738117721120553	0.0025014212620807275	0.002824858757062147	0.002178485576923077
G[C>G]A	0.0007169101173940317	0.0011016682404784387	0.0012507106310403638	0.0007967550340431697	0.0008263221153846154
G[C>G]C	0.0006272963527197777	0.0009442870632672333	0.001023308698123934	0.0012313486889758076	0.0009765625
G[C>G]G	0.00017922752934850794	0.0007869058860560277	0.00022740193291642978	7.243227582210633e-05	0.00022536057692307694
G[C>G]T	0.0008065238820682857	0.00141643059490085	0.0014781125639567935	0.001303780964797914	0.0011268028846153845
G[C>T]A	0.016668160229411238	0.009915014164305949	0.007617964752700398	0.020570766333478197	0.019831730769230768
G[C>T]C	0.004928757057083968	0.0028328611898017	0.004320636725412166	0.006156743444879038	0.005558894230769231
G[C>T]G	0.003136481763598889	0.003777148253068933	0.002956225127913587	0.002462697377951615	0.002629206730769231
G[C>T]T	0.013442064701138096	0.011174063581995594	0.01137009664582149	0.018470230334637114	0.018855168269230768
G[T>A]A	0.01218747199569854	0.013849543594586088	0.012507106310403639	0.010719976821671737	0.009615384615384616
G[T>A]C	0.011291334348956	0.010072395341517154	0.011028993746446844	0.009705924960162248	0.00848858173076923
G[T>A]G	0.021328075992472443	0.02785646836638338	0.022171688459351906	0.017311313921483412	0.019456129807692308
G[T>A]T	0.010126355408190698	0.009600251809883538	0.01114269471290506	0.007750253512965377	0.008188100961538462
G[T>C]A	0.017116229052782508	0.022505508341202393	0.022853894258101193	0.0160075329566855	0.018404447115384616
G[T>C]C	0.018729276816919077	0.022820270695624804	0.02296759522455941	0.014631319716065478	0.017352764423076924
G[T>C]G	0.011560175642978761	0.01306263770853006	0.014098919840818647	0.01086484137331595	0.011868990384615384
G[T>C]T	0.01738507034680527	0.015738117721120555	0.018760659465605456	0.014196726061132842	0.01337139423076923
G[T>G]A	0.004928757057083968	0.006452628265659427	0.0053439454235361	0.002607561929595828	0.00390625
G[T>G]C	0.008423693879379872	0.008183821214982689	0.010119386014781125	0.006156743444879038	0.006760817307692308
G[T>G]G	0.008513307644054127	0.012433112999685237	0.011028993746446844	0.005215123859191656	0.007211538461538462
G[T>G]T	0.00474952952773546	0.004721435316336166	0.006139852188743604	0.005070259307547443	0.003680889423076923
T[C>A]A	0.007886011291334349	0.005823103556814605	0.008641273450824332	0.00927133130522961	0.009239783653846154
T[C>A]C	0.0020611165875078414	0.002360717658168083	0.002956225127913587	0.0031145878603505723	0.002178485576923077
T[C>A]G	0.0010753651760910476	0.0011016682404784387	0.002046617396247868	0.0014486455164421266	0.0007512019230769231
T[C>A]T	0.002778026704901873	0.003934529430280139	0.003183627060830017	0.004345936549326379	0.003680889423076923
T[C>G]A	0.0008065238820682857	0.0006295247088448222	0.001023308698123934	0.0010864841373315949	0.0005258413461538461
T[C>G]C	0.0009857514114167936	0.002045955303745672	0.0026151222285389427	0.001521077792264233	0.0014272836538461538
T[C>G]G	8.961376467425397e-05	0.00047214353163361664	0.00011370096645821489	0.00014486455164421265	0.00022536057692307694
T[C>G]T	0.0014338202347880635	0.0029902423670129055	0.002046617396247868	0.002607561929595828	0.002478966346153846
T[C>T]A	0.02303073752128327	0.012118350645262826	0.013871517907902217	0.025785890192669855	0.025240384615384616
T[C>T]C	0.05448516892194641	0.018098835379288636	0.023536100056850483	0.07648848326814428	0.06460336538461539
T[C>T]G	0.0039430056456671745	0.00456405413912496	0.0034110289937464467	0.004708097928436911	0.004356971153846154
T[C>T]T	0.0714221704453804	0.04784387787220649	0.051620238772029564	0.0789511806460959	0.0771484375
T[T>A]A	0.011022493054933238	0.015265974189486938	0.012279704377487209	0.011516731855714906	0.010366586538461538
T[T>A]C	0.011201720584281746	0.01337740006295247	0.011824900511654348	0.010502679994205419	0.010667067307692308
T[T>A]G	0.015772022582668698	0.02187598363235757	0.022626492325184763	0.01658699116326235	0.01817908653846154
T[T>A]T	0.007169101173940318	0.00912810827824992	0.009437180216031836	0.00789511806460959	0.007887620192307692
T[T>C]A	0.007527556232637333	0.009915014164305949	0.01023308698123934	0.008329711719542228	0.007737379807692308
T[T>C]C	0.01335245093646384	0.01794145420207743	0.016372939169982944	0.01245835144140229	0.011117788461538462
T[T>C]G	0.004391074469038444	0.0033050047214353163	0.0053439454235361	0.004708097928436911	0.005183293269230769
T[T>C]T	0.006721032350569048	0.010544538873150771	0.007504263786242183	0.007098363030566421	0.006460336538461538
T[T>G]A	0.0037637781163186667	0.0033050047214353163	0.0035247299602046618	0.0025351296537737215	0.003605769230769231
T[T>G]C	0.004928757057083968	0.005508341202392194	0.00557134735645253	0.0028972910328842532	0.003230168269230769
T[T>G]G	0.005376825880455238	0.005193578847969783	0.0053439454235361	0.004418368825148486	0.005558894230769231
T[T>G]T	0.0032260955282731427	0.00456405413912496	0.0038658328595793066	0.0028972910328842532	0.003155048076923077
