cosmic_signature,observed_cosine,null_median,null_p95,margin_over_null_p95,p_value,fdr,beats_chance_fdr5
SBS88,0.9916,0.5356,0.6688,0.3228,0.000999000999000999,0.00288283145426002,True
SBS90,0.9998,0.5393,0.8211,0.1787,0.000999000999000999,0.00288283145426002,True
SBS11,0.9917,0.7258,0.8227,0.169,0.000999000999000999,0.00288283145426002,True
SBS31,0.9619,0.6662,0.7939,0.168,0.000999000999000999,0.00288283145426002,True
SBS35,0.9318,0.6767,0.7677,0.164,0.000999000999000999,0.00288283145426002,True
SBS98,0.8495,0.5412,0.6902,0.1593,0.000999000999000999,0.00288283145426002,True
SBS85,0.9254,0.6733,0.7806,0.1448,0.000999000999000999,0.00288283145426002,True
SBS47,0.8485,0.5302,0.7048,0.1436,0.000999000999000999,0.00288283145426002,True
SBS7b,0.9435,0.6739,0.802,0.1415,0.000999000999000999,0.00288283145426002,True
SBS16,0.8376,0.5317,0.7069,0.1307,0.000999000999000999,0.00288283145426002,True
SBS45,0.9584,0.6791,0.8333,0.1251,0.00199800199800199,0.00517431286662055,True
SBS51,0.82,0.5733,0.6972,0.1228,0.000999000999000999,0.00288283145426002,True
SBS22c,0.9306,0.7142,0.8113,0.1193,0.000999000999000999,0.00288283145426002,True
SBS41,0.8778,0.5908,0.7634,0.1144,0.000999000999000999,0.00288283145426002,True
SBS58,0.8699,0.5933,0.7579,0.1121,0.000999000999000999,0.00288283145426002,True
SBS38,0.9038,0.6144,0.7932,0.1107,0.00399600399600399,0.0098438147218635,True
SBS7a,0.9257,0.603,0.8192,0.1065,0.000999000999000999,0.00288283145426002,True
SBS22a,0.9825,0.7272,0.8778,0.1048,0.000999000999000999,0.00288283145426002,True
SBS22b,0.9454,0.7207,0.8458,0.0996,0.000999000999000999,0.00288283145426002,True
SBS92,0.9397,0.7929,0.8539,0.0859,0.000999000999000999,0.00288283145426002,True
SBS112,0.9335,0.7902,0.8558,0.0776,0.000999000999000999,0.00288283145426002,True
SBS4,0.9957,0.8456,0.9191,0.0766,0.000999000999000999,0.00288283145426002,True
SBS111,0.9001,0.7529,0.8258,0.0743,0.000999000999000999,0.00288283145426002,True
SBS40a,0.98,0.876,0.9078,0.0722,0.000999000999000999,0.00288283145426002,True
SBS101,0.9425,0.7539,0.8718,0.0706,0.000999000999000999,0.00288283145426002,True
SBS100,0.9897,0.8518,0.9211,0.0686,0.000999000999000999,0.00288283145426002,True
SBS94,0.9435,0.7943,0.8785,0.065,0.000999000999000999,0.00288283145426002,True
SBS109,0.9633,0.8463,0.8985,0.0648,0.000999000999000999,0.00288283145426002,True
SBS18,0.9603,0.782,0.8965,0.0637,0.000999000999000999,0.00288283145426002,True
SBS95,0.9849,0.8531,0.9217,0.0632,0.000999000999000999,0.00288283145426002,True
SBS36,0.9329,0.7286,0.8727,0.0602,0.00799200799200799,0.0183452910725638,True
SBS25,0.9564,0.8331,0.9008,0.0556,0.000999000999000999,0.00288283145426002,True
SBS9,0.7404,0.6328,0.6853,0.0551,0.00199800199800199,0.00517431286662055,True
SBS40b,0.8207,0.7236,0.767,0.0537,0.000999000999000999,0.00288283145426002,True
SBS113,0.8366,0.5852,0.7836,0.053,0.0169830169830169,0.0343056943056943,True
SBS5,0.9773,0.8973,0.925,0.0523,0.000999000999000999,0.00288283145426002,True
SBS89,0.8508,0.7534,0.801,0.0499,0.000999000999000999,0.00288283145426002,True
SBS40c,0.9554,0.891,0.9116,0.0438,0.000999000999000999,0.00288283145426002,True
SBS23,0.8795,0.7271,0.8361,0.0434,0.0129870129870129,0.0285149632975719,True
SBS10c,0.8496,0.6632,0.8066,0.043,0.0139860139860139,0.0294289044289044,True
SBS24,0.9373,0.8149,0.8949,0.0424,0.00199800199800199,0.00517431286662055,True
SBS29,0.9646,0.8477,0.9231,0.0415,0.00199800199800199,0.00517431286662055,True
SBS93,0.7588,0.6373,0.7194,0.0393,0.0139860139860139,0.0294289044289044,True
SBS57,0.7012,0.5164,0.6631,0.038,0.00699300699300699,0.0164254350300861,True
SBS104,0.7382,0.6213,0.7014,0.0369,0.0119880119880119,0.0269064269064269,True
SBS8,0.9322,0.8457,0.8969,0.0353,0.00299700299700299,0.00756743256743256,True
SBS3,0.9031,0.8441,0.8729,0.0302,0.000999000999000999,0.00288283145426002,True
SBS1,0.7927,0.556,0.7641,0.0285,0.0289710289710289,0.0541865541865541,False
SBS108,0.8653,0.7624,0.8416,0.0237,0.0159840159840159,0.0329466451915431,True
SBS12,0.928,0.8611,0.9062,0.0218,0.00699300699300699,0.0164254350300861,True
SBS19,0.8657,0.6888,0.8466,0.0191,0.0329670329670329,0.0605394605394605,False
SBS42,0.8526,0.7219,0.835,0.0176,0.0289710289710289,0.0541865541865541,False
SBS102,0.9723,0.9387,0.9577,0.0145,0.000999000999000999,0.00288283145426002,True
SBS28,0.4296,0.2136,0.4164,0.0132,0.0199800199800199,0.0395682748623925,True
SBS37,0.8287,0.7576,0.8208,0.0078,0.0269730269730269,0.0523899177745331,False
SBS30,0.8863,0.8055,0.8797,0.0066,0.0349650349650349,0.063061938061938,False
SBS87,0.7562,0.5951,0.7522,0.004,0.0459540459540459,0.0814273445852393,False
SBS26,0.8951,0.8331,0.8924,0.0027,0.0469530469530469,0.0817630645216852,False
SBS56,0.7855,0.5976,0.7841,0.0015,0.0499500499500499,0.0855077126263566,False
SBS53,0.7654,0.5851,0.765,0.0004,0.0509490509490509,0.0857642357642357,False
SBS43,0.4613,0.3403,0.4634,-0.0021,0.0549450549450549,0.0909745991713204,False
SBS50,0.7339,0.6073,0.7372,-0.0034,0.0619380619380619,0.0992975278689564,False
SBS96,0.808,0.7572,0.8124,-0.0044,0.0719280719280719,0.108318152435799,False
SBS55,0.4223,0.289,0.4269,-0.0046,0.0639360639360639,0.0993468070391147,False
SBS20,0.7651,0.6135,0.7738,-0.0086,0.0719280719280719,0.108318152435799,False
SBS21,0.7717,0.6429,0.7844,-0.0128,0.0639360639360639,0.0993468070391147,False
SBS10d,0.7675,0.5865,0.787,-0.0195,0.0619380619380619,0.0992975278689564,False
SBS105,0.7738,0.7414,0.8009,-0.0271,0.184815184815184,0.252247752247752,False
SBS110,0.8875,0.8704,0.9187,-0.0311,0.251748251748251,0.321855359830043,False
SBS32,0.8275,0.7753,0.8745,-0.0471,0.191808191808191,0.258301698301698,False
SBS107,0.7687,0.7224,0.8176,-0.0488,0.201798201798201,0.26469634261842,False
SBS44,0.7311,0.7057,0.786,-0.0549,0.278721278721278,0.351885614385614,False
SBS34,0.7607,0.5444,0.8184,-0.0576,0.106893106893106,0.156466721684113,False
SBS84,0.7405,0.6827,0.7996,-0.0591,0.222777222777222,0.288467942314096,False
SBS14,0.7438,0.645,0.8163,-0.0725,0.194805194805194,0.258885850991114,False
SBS10a,0.7152,0.5862,0.7962,-0.081,0.0729270729270729,0.108318152435799,False
SBS2,0.673,0.4864,0.7549,-0.0819,0.145854145854145,0.210446696160981,False
SBS99,0.6176,0.5978,0.7022,-0.0847,0.318681318681318,0.387792929961604,False
SBS54,0.6691,0.5784,0.7578,-0.0886,0.18081918081918,0.250174483051195,False
SBS6,0.7513,0.7475,0.8424,-0.091,0.477522477522477,0.548709717249043,False
SBS106,0.4915,0.4874,0.5905,-0.099,0.483516483516483,0.548709717249043,False
SBS60,0.3268,0.1649,0.4275,-0.1006,0.153846153846153,0.218851570964247,False
SBS46,0.7781,0.8162,0.8823,-0.1043,0.86013986013986,0.904938811188811,False
SBS59,0.6603,0.5971,0.7881,-0.1278,0.3006993006993,0.374946041612708,False
SBS39,0.6699,0.7306,0.8039,-0.134,0.928071928071928,0.956482293216987,False
SBS7c,0.6944,0.5207,0.8403,-0.1459,0.163836163836163,0.229825729825729,False
SBS17b,0.237,0.1937,0.4182,-0.1811,0.383616383616383,0.455826526414761,False
SBS97,0.5985,0.5396,0.8041,-0.2056,0.361638361638361,0.43482707768422,False
SBS33,0.5002,0.5198,0.7087,-0.2086,0.557442557442557,0.618699981337343,False
SBS15,0.6118,0.6187,0.8215,-0.2097,0.54045954045954,0.606515706515706,False
SBS7d,0.4864,0.5014,0.697,-0.2106,0.57042957042957,0.626232463188985,False
SBS27,0.6099,0.5237,0.8232,-0.2133,0.308691308691308,0.380217343631977,False
SBS103,0.4671,0.4524,0.7266,-0.2595,0.415584415584415,0.488070069465418,False
SBS49,0.4737,0.5987,0.7836,-0.3099,0.669330669330669,0.719174442578697,False
SBS86,0.4246,0.5425,0.7354,-0.3108,0.952047952047952,0.971281244008516,False
SBS52,0.4835,0.6125,0.7984,-0.3149,0.651348651348651,0.707378642862514,False
SBS10b,0.4363,0.4659,0.778,-0.3417,0.679320679320679,0.722225143277774,False
SBS17a,0.3327,0.457,0.6752,-0.3426,0.979020979020979,0.987012987012987,False
SBS13,0.2591,0.2534,0.6066,-0.3475,0.481518481518481,0.548709717249043,False
SBS91,0.404,0.58,0.783,-0.379,0.893106893106893,0.929936043338105,False
SBS48,0.1584,0.5759,0.7792,-0.6208,0.987012987012987,0.987012987012987,False
